"name","year","country","description","url","kinopoisk","wiki","pic"
"Алеко",1953,"СССР","фильм-опера. Режиссёр Григорий Рошаль, Сергей Сиделёв","https://www.youtube.com/watch?v=QkjddpEjsdQ","https://www.kinopoisk.ru/film/43448/","https://ru.wikipedia.org/wiki/%D0%90%D0%BB%D0%B5%D0%BA%D0%BE_(%D1%84%D0%B8%D0%BB%D1%8C%D0%BC-%D0%BE%D0%BF%D0%B5%D1%80%D0%B0)","https://upload.wikimedia.org/wikipedia/ru/b/bd/%D0%90%D0%BB%D0%B5%D0%BA%D0%BE_%28%D1%84%D0%B8%D0%BB%D1%8C%D0%BC%2C_1953%29.jpg"
"Сказ про то, как царь Пётр арапа женил",1976,"СССР","советский художественный фильм-мелодрама, поставленный на Московской ордена Ленина киностудии «Мосфильм» в 1976 году режиссёром Александром Миттой по мотивам неоконченного произведения А. С. Пушкина «Арап Петра Великого».","https://www.youtube.com/watch?v=aePYhB1VHfY","https://www.kinopoisk.ru/film/43805/","https://ru.wikipedia.org/wiki/%D0%A1%D0%BA%D0%B0%D0%B7_%D0%BF%D1%80%D0%BE_%D1%82%D0%BE,_%D0%BA%D0%B0%D0%BA_%D1%86%D0%B0%D1%80%D1%8C_%D0%9F%D1%91%D1%82%D1%80_%D0%B0%D1%80%D0%B0%D0%BF%D0%B0_%D0%B6%D0%B5%D0%BD%D0%B8%D0%BB","https://upload.wikimedia.org/wikipedia/ru/c/cc/%D0%A1%D0%BA%D0%B0%D0%B7_%D0%BF%D1%80%D0%BE_%D1%82%D0%BE_%D0%BA%D0%B0%D0%BA_%D1%86%D0%B0%D1%80%D1%8C_%D0%9F%D1%91%D1%82%D1%80.jpg"
"Борис Годунов",1954,"СССР","фильм-опера, реж. Вера Строева. В ролях: Александр Пирогов (Борис Годунов), Никандр Ханаев (князь Василий Шуйский)","https://www.youtube.com/watch?v=YxEKkgZ26L8","https://www.kinopoisk.ru/film/46191/","https://ru.wikipedia.org/wiki/%D0%91%D0%BE%D1%80%D0%B8%D1%81_%D0%93%D0%BE%D0%B4%D1%83%D0%BD%D0%BE%D0%B2_(%D1%84%D0%B8%D0%BB%D1%8C%D0%BC-%D0%BE%D0%BF%D0%B5%D1%80%D0%B0,_1954)","https://upload.wikimedia.org/wikipedia/ru/4/4a/%D0%91%D0%BE%D1%80%D0%B8%D1%81_%D0%93%D0%BE%D0%B4%D1%83%D0%BD%D0%BE%D0%B2_%D0%BF%D0%BE%D1%81%D1%82%D0%B5%D1%80.jpg"
"Борис Годунов",1986,"СССР","реж. Сергей Бондарчук","https://www.youtube.com/watch?v=41B6WMx8zKQ","https://www.kinopoisk.ru/film/46192/","https://ru.wikipedia.org/wiki/%D0%91%D0%BE%D1%80%D0%B8%D1%81_%D0%93%D0%BE%D0%B4%D1%83%D0%BD%D0%BE%D0%B2_(%D1%84%D0%B8%D0%BB%D1%8C%D0%BC,_1986)","https://avatars.mds.yandex.net/get-kinopoisk-image/1704946/8137a8e0-aa6c-407c-a2a9-479c0e8e4949/960x960"
"Борис Годунов",2011,"Россия","российская кинодрама, снятая в 2011 году режиссёром Владимиром Мирзоевым по одноимённой исторической трагедии А. С. Пушкина. Премьера фильма состоялась в ноябре 2011 года. Режиссёр перенёс действие пьесы в наши дни.","https://ok.ru/video/29372844722","https://www.kinopoisk.ru/film/586567/","https://ru.wikipedia.org/wiki/%D0%91%D0%BE%D1%80%D0%B8%D1%81_%D0%93%D0%BE%D0%B4%D1%83%D0%BD%D0%BE%D0%B2_(%D1%84%D0%B8%D0%BB%D1%8C%D0%BC,_2011)","https://upload.wikimedia.org/wikipedia/ru/5/59/%D0%9F%D0%BE%D1%81%D1%82%D0%B5%D1%80_%D1%84%D0%B8%D0%BB%D1%8C%D0%BC%D0%B0_%C2%AB%D0%91%D0%BE%D1%80%D0%B8%D1%81_%D0%93%D0%BE%D0%B4%D1%83%D0%BD%D0%BE%D0%B2%C2%BB_%282011%29.jpg"
"Братья разбойники",1912,"Российская империя","немой художественный фильм Василия Гончарова, снятый в 1912 году по мотивам одноимённой поэмы Александра Пушкина. Фильм сохранился.","https://www.youtube.com/watch?v=Tdj7446b5sM","https://www.kinopoisk.ru/film/678790/","https://ru.wikipedia.org/wiki/%D0%91%D1%80%D0%B0%D1%82%D1%8C%D1%8F_%D1%80%D0%B0%D0%B7%D0%B1%D0%BE%D0%B9%D0%BD%D0%B8%D0%BA%D0%B8_(%D1%84%D0%B8%D0%BB%D1%8C%D0%BC)","https://i.ytimg.com/vi/sQas2KnW8Vk/hqdefault.jpg"
"Граф Нулин",1959,"СССР","Фильм-балет. Композитор Борис Асафьев, балетмейстер и реж. Владимир Варковицкий. В ролях: Ольга Лепешинская (Наталья Павловна), Александр Радунский (её супруг), Сергей Корень (граф Нулин)","https://www.youtube.com/watch?v=8RIIfe026Yc","https://www.kinopoisk.ru/film/1252448/",,"https://i.ytimg.com/vi/8RIIfe026Yc/hqdefault.jpg"
"Домик в Коломне",1913,"Российская империя","Реж. Пётр Чардынин. Актёры: Прасковья Максимова (вдова), Софья Гославская (её дочь), Иван Мозжухин (гусар, он же Мавруша)","https://www.youtube.com/watch?v=rFNRC9joVGQ","https://www.kinopoisk.ru/film/41141/","https://ru.wikipedia.org/wiki/%D0%94%D0%BE%D0%BC%D0%B8%D0%BA_%D0%B2_%D0%9A%D0%BE%D0%BB%D0%BE%D0%BC%D0%BD%D0%B5_(%D1%84%D0%B8%D0%BB%D1%8C%D0%BC)","https://upload.wikimedia.org/wikipedia/commons/3/3b/Domik_v_Kolomne_%281913%29_2.jpg"
"Дубровский",1936,"СССР","советская кинодрама режиссёра Александра Ивановского по мотивам одноимённого произведения А. С. Пушкина. Большая часть съёмок фильма прошла в РСФСР, но часть сцен была снята в деревне Станьково (Дзержинский район, Белоруссия). Фильм был восстановлен на киностудии Мосфильм в 1976 году.","https://www.youtube.com/watch?v=bbnhQHKZsN8","https://www.kinopoisk.ru/film/44311/","https://ru.wikipedia.org/wiki/%D0%94%D1%83%D0%B1%D1%80%D0%BE%D0%B2%D1%81%D0%BA%D0%B8%D0%B9_(%D1%84%D0%B8%D0%BB%D1%8C%D0%BC,_1936)","https://upload.wikimedia.org/wikipedia/ru/b/ba/Dubrovskiy.jpg"
"Дубровский Опера",1961,"СССР","Лирико-драматическая #опера композитора Эдуарда Направника по одноименной повести А.С.Пушкина, либретто Модеста Чайковского. 
Хор и оркестр Московского академического музыкального театра имени К.Станиславского и В.Немировича-Данченко, дирижер - П.#Славинский.
Композитор Эдуард #Направник.
Телеспектакль ""#Дубровский""
Главная редакция музыкальных программ, 1961","https://www.youtube.com/watch?v=37Zyp3pW4Rg","https://www.kinopoisk.ru/film/504138/",,"http://fenixclub.com/uploads/33602/img-102138-2233fca02e.jpg"
"Благородный разбойник Владимир Дубровский",1988,"СССР","реж. Вячеслав Никифоров — фильм и 4-х серийная расширенная телеверсия под названием «Дубровский» (1988)","https://www.youtube.com/watch?v=rtOzXHmv7qg","https://www.kinopoisk.ru/series/46142/","https://ru.wikipedia.org/wiki/%D0%91%D0%BB%D0%B0%D0%B3%D0%BE%D1%80%D0%BE%D0%B4%D0%BD%D1%8B%D0%B9_%D1%80%D0%B0%D0%B7%D0%B1%D0%BE%D0%B9%D0%BD%D0%B8%D0%BA_%D0%92%D0%BB%D0%B0%D0%B4%D0%B8%D0%BC%D0%B8%D1%80_%D0%94%D1%83%D0%B1%D1%80%D0%BE%D0%B2%D1%81%D0%BA%D0%B8%D0%B9","https://avatars.mds.yandex.net/get-kinopoisk-image/1599028/bf96c239-50b7-48d4-8b40-e47fa3febcbc/600x900"
"Дубровский",2014,"Россия","Действие фильма перенесено в наши дни. Владимир Дубровский — успешный столичный юрист и завсегдатай модных клубов, Маша Троекурова — выпускница английского колледжа и нежная дочь… Хозяева собственных судеб, они едва ли похожи на героев Пушкина. Но внезапная ссора их отцов решительно меняет жизнь Владимира и Маши — они погружаются в реальность, где действуют совсем другие законы…","https://www.youtube.com/watch?v=IbflLkIdYpM","https://www.kinopoisk.ru/film/677731/","https://ru.wikipedia.org/wiki/%D0%94%D1%83%D0%B1%D1%80%D0%BE%D0%B2%D1%81%D0%BA%D0%B8%D0%B9_(%D1%84%D0%B8%D0%BB%D1%8C%D0%BC,_2014)","https://upload.wikimedia.org/wikipedia/ru/b/b8/%D0%94%D1%83%D0%B1%D1%80%D0%BE%D0%B2%D1%81%D0%BA%D0%B8%D0%B9_%D0%BF%D0%BE%D1%81%D1%82%D0%B5%D1%80.jpg"
"Евгений Онегин",1958,"СССР","Фильм-опера. В роли Онегина — Вадим Медведев, партию исполняет Евгений Кибкало. В роли Татьяны — Ариадна Шенгелая, партию исполняет Галина Вишневская. В роли Ольги — Светлана Немоляева","https://www.youtube.com/watch?v=odMoa7I_hnU","https://www.kinopoisk.ru/film/42455/","https://ru.wikipedia.org/wiki/%D0%95%D0%B2%D0%B3%D0%B5%D0%BD%D0%B8%D0%B9_%D0%9E%D0%BD%D0%B5%D0%B3%D0%B8%D0%BD_(%D1%84%D0%B8%D0%BB%D1%8C%D0%BC,_1958)","https://upload.wikimedia.org/wikipedia/ru/9/94/%D0%9F%D0%BE%D1%81%D1%82%D0%B5%D1%80_%D1%84%D0%B8%D0%BB%D1%8C%D0%BC%D0%B0_%C2%AB%D0%95%D0%B2%D0%B3%D0%B5%D0%BD%D0%B8%D0%B9_%D0%9E%D0%BD%D0%B5%D0%B3%D0%B8%D0%BD%C2%BB_%28%D0%A1%D0%A1%D0%A1%D0%A0%2C_1958_%D0%B3.%29.jpg"
"Онегин",1999,"Великобритания","В роли Евгения Онегина — Рэйф Файнс, Татьяна Ларина — Лив Тайлер, Владимир Ленский — Тоби Стивенс","https://www.ivi.ru/watch/63167","https://www.kinopoisk.ru/film/5528/","https://ru.wikipedia.org/wiki/%D0%9E%D0%BD%D0%B5%D0%B3%D0%B8%D0%BD_(%D1%84%D0%B8%D0%BB%D1%8C%D0%BC)","https://upload.wikimedia.org/wikipedia/ru/1/16/Onegin_film_1999.jpg"
"Капитанская дочка (Гвардии сержант)",1928,"СССР","реж. Юрия Тарича. Сценарист Виктор Шкловский","https://www.youtube.com/watch?v=EmMY8s-f7L8","https://www.kinopoisk.ru/film/672752/","https://ru.wikipedia.org/wiki/%D0%9A%D0%B0%D0%BF%D0%B8%D1%82%D0%B0%D0%BD%D1%81%D0%BA%D0%B0%D1%8F_%D0%B4%D0%BE%D1%87%D0%BA%D0%B0_(%D1%84%D0%B8%D0%BB%D1%8C%D0%BC)","https://www.kino-teatr.ru/movie/poster/8557/66022.jpg"
"Капитанская дочка",1958,"СССР","фильм Владимира Каплуновского. В ролях: Олег Стриженов (Петр Гринёв), Сергей Лукьянов (Емельян Пугачёв)","https://www.youtube.com/watch?v=aK7LP2ipWQY","https://www.kinopoisk.ru/film/44707/","https://ru.wikipedia.org/wiki/%D0%9A%D0%B0%D0%BF%D0%B8%D1%82%D0%B0%D0%BD%D1%81%D0%BA%D0%B0%D1%8F_%D0%B4%D0%BE%D1%87%D0%BA%D0%B0_(%D1%84%D0%B8%D0%BB%D1%8C%D0%BC,_1958)","https://upload.wikimedia.org/wikipedia/ru/2/2d/%D0%9A%D0%B0%D0%BF%D0%B8%D1%82%D0%B0%D0%BD%D1%81%D0%BA%D0%B0%D1%8F_%D0%B4%D0%BE%D1%87%D0%BA%D0%B0_%D0%BF%D0%BE%D1%81%D1%82%D0%B5%D1%80.jpg"
"Русский бунт",2000,"Россия","реж. Александр Прошкин","https://www.ivi.ru/watch/114971","https://www.kinopoisk.ru/film/40718/","https://ru.wikipedia.org/wiki/%D0%A0%D1%83%D1%81%D1%81%D0%BA%D0%B8%D0%B9_%D0%B1%D1%83%D0%BD%D1%82","https://ruskino.ru/media/poster/001/nC9gP5MGTxSNcofAsYIG87WPJ2i.jpg"
"Капитанская дочка",2005,"Россия","анимационный фильм, реж. Екатерина Михайлова","https://ok.ru/video/85226752619","https://www.kinopoisk.ru/film/424512/","https://ru.wikipedia.org/wiki/%D0%9A%D0%B0%D0%BF%D0%B8%D1%82%D0%B0%D0%BD%D1%81%D0%BA%D0%B0%D1%8F_%D0%B4%D0%BE%D1%87%D0%BA%D0%B0_(%D0%BC%D1%83%D0%BB%D1%8C%D1%82%D1%84%D0%B8%D0%BB%D1%8C%D0%BC)","https://upload.wikimedia.org/wikipedia/ru/4/4d/%D0%9A%D0%B0%D0%BF%D0%B8%D1%82%D0%B0%D0%BD%D1%81%D0%BA%D0%B0%D1%8F_%D0%B4%D0%BE%D1%87%D0%BA%D0%B0.jpg"
"Маленькие трагедии",1971,"СССР","телеверсия спектакля Ленинградского театра драмы имени А. С. Пушкина, в постановке Леонида Вивьен, реж. Антонин Даусон и Леонид Пчёлкин","https://youtu.be/du_EtLRe-7I","https://www.kinopoisk.ru/film/996827/","https://ru.wikipedia.org/wiki/%D0%9C%D0%B0%D0%BB%D0%B5%D0%BD%D1%8C%D0%BA%D0%B8%D0%B5_%D1%82%D1%80%D0%B0%D0%B3%D0%B5%D0%B4%D0%B8%D0%B8_(%D1%84%D0%B8%D0%BB%D1%8C%D0%BC,_1971)","https://mtdata.ru/u3/photoD3D7/20633804397-0/original.jpg"
"Маленькие трагедии",1979,"СССР","реж. Михаил Швейцер","https://www.ivi.ru/watch/malenkie_tragedii","https://www.kinopoisk.ru/series/77280/","https://ru.wikipedia.org/wiki/%D0%9C%D0%B0%D0%BB%D0%B5%D0%BD%D1%8C%D0%BA%D0%B8%D0%B5_%D1%82%D1%80%D0%B0%D0%B3%D0%B5%D0%B4%D0%B8%D0%B8_(%D1%84%D0%B8%D0%BB%D1%8C%D0%BC,_1979)","https://upload.wikimedia.org/wikipedia/ru/thumb/d/dd/Malen%27kie_tragedii.jpg/274px-Malen%27kie_tragedii.jpg"
"Маленькие трагедии",2009,"Россия","реж. Ирина Евтеева","https://mults.info/mults/?id=3342","https://www.kinopoisk.ru/film/466566","https://ru.wikipedia.org/wiki/%D0%9C%D0%B0%D0%BB%D0%B5%D0%BD%D1%8C%D0%BA%D0%B8%D0%B5_%D1%82%D1%80%D0%B0%D0%B3%D0%B5%D0%B4%D0%B8%D0%B8_(%D1%84%D0%B8%D0%BB%D1%8C%D0%BC,_2009)","https://mults.info/screen/malenkie_tragediii.jpg"
"Каменный гость",1967,"СССР","фильм-опера. Реж. Владимир Гориккер. В ролях: Владимир Атлантов (Дон Гуан), Ирина Печерникова, поёт Тамара Милашкина (Дона Анна). Хор и симфонический оркестр Гостелерадио СССР, дирижёр Борис Хайкин","https://youtu.be/iQ6q1gN0APo","https://www.kinopoisk.ru/film/44696/","https://ru.wikipedia.org/wiki/%D0%9A%D0%B0%D0%BC%D0%B5%D0%BD%D0%BD%D1%8B%D0%B9_%D0%B3%D0%BE%D1%81%D1%82%D1%8C_(%D1%84%D0%B8%D0%BB%D1%8C%D0%BC-%D0%BE%D0%BF%D0%B5%D1%80%D0%B0,_1967)","https://www.kino-teatr.ru/movie/posters/big/4/8894.jpg"
"Каменный гость",1971,"СССР","реж. Антонин Даусон и Леонид Пчёлкин","https://youtu.be/Or57pLL1QuM","https://www.kinopoisk.ru/film/331814/","https://ru.wikipedia.org/wiki/%D0%97%D0%B0%D0%B3%D0%BB%D0%B0%D0%B2%D0%BD%D0%B0%D1%8F_%D1%81%D1%82%D1%80%D0%B0%D0%BD%D0%B8%D1%86%D0%B0","http://ohdv.ru/uploads/posts/2015-05/1430743943_331814.jpg"
"Моцарт и Сальери",1962,"СССР","Опера Н.А.Римского-Корсакова по одноименной трагедии А.С.Пушкина. Дирижер — С.Самосуд.","https://youtu.be/jM5L8RtSNXA","https://www.kinopoisk.ru/film/46714/","https://ru.wikipedia.org/wiki/%D0%97%D0%B0%D0%B3%D0%BB%D0%B0%D0%B2%D0%BD%D0%B0%D1%8F_%D1%81%D1%82%D1%80%D0%B0%D0%BD%D0%B8%D1%86%D0%B0","https://www.kino-teatr.ru/movie/kadr/4036/155349.jpg"
"Легенда о Сальери",1986,"СССР","советский кукольный мультфильм 1986 года, который создал на студии «Союзмультфильм» режиссёр Вадим Курчевский. Мультфильм снят по мотивам трагедии Александра Сергеевича Пушкина «Моцарт и Сальери». В фильме использована музыка Вольфганга Амадея Моцарта.","https://www.ivi.ru/watch/67485","https://www.kinopoisk.ru/film/632480/","https://ru.wikipedia.org/wiki/%D0%9B%D0%B5%D0%B3%D0%B5%D0%BD%D0%B4%D0%B0_%D0%BE_%D0%A1%D0%B0%D0%BB%D1%8C%D0%B5%D1%80%D0%B8","https://upload.wikimedia.org/wikipedia/ru/a/aa/%D0%9B%D0%B5%D0%B3%D0%B5%D0%BD%D0%B4%D0%B0_%D0%BE_%D0%A1%D0%B0%D0%BB%D1%8C%D0%B5%D1%80%D0%B8.jpg"
"Пиковая дама",1910,"Российская империя","немой фильм на основе оперы. Сцен. и реж. Пётр Чардынин. Актёры: Павел Бирюков (Герман), Александра Гончарова (Лиза), Антонина Пожарская (графиня), Андрей Громов (Томский)","https://www.youtube.com/watch?v=bcMUfYaHfUI","https://www.kinopoisk.ru/film/40908/","https://ru.wikipedia.org/wiki/%D0%9F%D0%B8%D0%BA%D0%BE%D0%B2%D0%B0%D1%8F_%D0%B4%D0%B0%D0%BC%D0%B0_(%D1%84%D0%B8%D0%BB%D1%8C%D0%BC,_1910)","https://i.ytimg.com/vi/bcMUfYaHfUI/hqdefault.jpg"
"Пиковая дама",1916,"Российская империя","немой фильм Якова Протазанова с Иваном Мозжухиным в роли Германна","https://www.youtube.com/watch?v=60GFl-WvdXI","https://www.kinopoisk.ru/film/40909/","https://ru.wikipedia.org/wiki/%D0%9F%D0%B8%D0%BA%D0%BE%D0%B2%D0%B0%D1%8F_%D0%B4%D0%B0%D0%BC%D0%B0_(%D1%84%D0%B8%D0%BB%D1%8C%D0%BC,_1916)","https://upload.wikimedia.org/wikipedia/ru/c/cd/%D0%9F%D0%BE%D1%81%D1%82%D0%B5%D1%80_%D0%BA_%D1%84%D0%B8%D0%BB%D1%8C%D0%BC%D1%83_%C2%AB%D0%9F%D0%B8%D0%BA%D0%BE%D0%B2%D0%B0%D1%8F_%D0%B4%D0%B0%D0%BC%D0%B0%C2%BB_%281916%29.jpg"
"Пиковая дама",1960,"СССР","фильм-опера. Реж. Роман Тихомиров. В ролях: Олег Стриженов (поёт Зураб Анджапаридзе) — Германн, Ольга Красина (поёт Тамара Милашкина) — Лиза, Елена Полевицкая (поёт Софья Преображенская) — Графиня","https://m.youtube.com/watch?feature=share&v=16I8grKxD5w","https://www.kinopoisk.ru/film/42975/","https://ru.wikipedia.org/wiki/%D0%9F%D0%B8%D0%BA%D0%BE%D0%B2%D0%B0%D1%8F_%D0%B4%D0%B0%D0%BC%D0%B0_(%D1%84%D0%B8%D0%BB%D1%8C%D0%BC-%D0%BE%D0%BF%D0%B5%D1%80%D0%B0,_1960)","https://upload.wikimedia.org/wikipedia/ru/6/6f/%D0%9F%D0%BE%D1%81%D1%82%D0%B5%D1%80_%D1%84%D0%B8%D0%BB%D1%8C%D0%BC%D0%B0_%C2%AB%D0%9F%D0%B8%D0%BA%D0%BE%D0%B2%D0%B0%D1%8F_%D0%B4%D0%B0%D0%BC%D0%B0%C2%BB_%28%D0%A1%D0%A1%D0%A1%D0%A0%2C_1960%29.jpg"
"Пиковая дама",1982,"СССР","фильм Игоря Масленникова. Германн — Виктор Проскурин","https://www.youtube.com/watch?v=X4Cmrk5iTJc","https://www.kinopoisk.ru/film/84222/","https://ru.wikipedia.org/wiki/%D0%9F%D0%B8%D0%BA%D0%BE%D0%B2%D0%B0%D1%8F_%D0%B4%D0%B0%D0%BC%D0%B0_(%D1%84%D0%B8%D0%BB%D1%8C%D0%BC,_1982)","https://www.kino-teatr.ru/movie/posters/big/3/5123.jpg"
"Барышня-крестьянка",1969,"СССР","Телеспектакль по повести А.С.Пушкина. В ролях: Ив. Дмитриев, Н. Карамышев, Н. Иванов, С. Карпинская, А. Прохорова, А. Тараканова. Режиссер: Д. Лукова","https://youtu.be/wYr9_GebsLA","https://www.kinopoisk.ru/film/331866/","https://ru.wikipedia.org/wiki/%D0%97%D0%B0%D0%B3%D0%BB%D0%B0%D0%B2%D0%BD%D0%B0%D1%8F_%D1%81%D1%82%D1%80%D0%B0%D0%BD%D0%B8%D1%86%D0%B0","https://www.kino-teatr.ru/movie/posters/big/1/391.jpg"
"Барышня-крестьянка",1995,"Россия","российский художественный фильм 1995 года, по мотивам повестей «Барышня-крестьянка» и «Роман в письмах» А. С. Пушкина.","https://www.youtube.com/watch?v=vYbY_eQRt8E","https://www.kinopoisk.ru/film/41475/","https://ru.wikipedia.org/wiki/%D0%91%D0%B0%D1%80%D1%8B%D1%88%D0%BD%D1%8F-%D0%BA%D1%80%D0%B5%D1%81%D1%82%D1%8C%D1%8F%D0%BD%D0%BA%D0%B0_(%D1%84%D0%B8%D0%BB%D1%8C%D0%BC,_1995)","http://avatars.mds.yandex.net/get-kinopoisk-image/1600647/b8a2b544-24db-41b5-a352-92bb3ece4a53/600x900"
"Выстрел",1966,"СССР","советский фильм-драма 1966 года. Фильм снят по одноименной повести А. С. Пушкина. Реж. Наум Трахтенберг","https://www.youtube.com/watch?v=B17W30IR4kg","https://www.kinopoisk.ru/film/45979/","https://ru.wikipedia.org/wiki/%D0%92%D1%8B%D1%81%D1%82%D1%80%D0%B5%D0%BB_(%D1%84%D0%B8%D0%BB%D1%8C%D0%BC,_1966)","https://thumbs.dfs.ivi.ru/storage28/contents/0/9/7e06368787d9b45de8ff65f8c36d92.jpg"
"Повести Белкина: Гробовщик",1990,"СССР","По мотивам одноименной повести А.С.Пушкина из цикла ""Повести покойного Ивана Петровича Белкина"". Постановка Петра Фоменко?.  Телеспектакль ""Гробовщик?"" Главная редакция литературно-драматических программ, 1990","https://youtu.be/cJRWUjT7E34","https://www.kinopoisk.ru/film/503691/","https://ru.wikipedia.org/wiki/%D0%97%D0%B0%D0%B3%D0%BB%D0%B0%D0%B2%D0%BD%D0%B0%D1%8F_%D1%81%D1%82%D1%80%D0%B0%D0%BD%D0%B8%D1%86%D0%B0","http://ohdv.ru/uploads/posts/2016-01/ca12a5e465bdce32fc91d65362f1065f_ohdv.ru_e27c6c52dd44.jpg"
"Метель",1964,"СССР","широкоформатный художественный фильм Владимира Басова, вышедший в 1964 году. Экранизация одноимённой повести Александра Пушкина.","https://www.ivi.ru/watch/60226","https://www.kinopoisk.ru/film/46618/","https://ru.wikipedia.org/wiki/%D0%9C%D0%B5%D1%82%D0%B5%D0%BB%D1%8C_(%D1%84%D0%B8%D0%BB%D1%8C%D0%BC)","https://upload.wikimedia.org/wikipedia/ru/b/bf/%D0%9C%D0%B5%D1%82%D0%B5%D0%BB%D1%8C_%D0%BF%D0%BE%D1%81%D1%82%D0%B5%D1%80.jpg"
"Станционный смотритель",1972,"СССР","советский художественный телефильм 1972 года, снятый по одноимённой повести Александра Пушкина.","https://www.youtube.com/watch?v=X89ezeVDV44","https://www.kinopoisk.ru/film/85021/","https://ru.wikipedia.org/wiki/%D0%A1%D1%82%D0%B0%D0%BD%D1%86%D0%B8%D0%BE%D0%BD%D0%BD%D1%8B%D0%B9_%D1%81%D0%BC%D0%BE%D1%82%D1%80%D0%B8%D1%82%D0%B5%D0%BB%D1%8C_(%D1%84%D0%B8%D0%BB%D1%8C%D0%BC,_1972)","https://retrogid.ru/wp-content/uploads/2017/08/stancionniy-smotritel.jpg"
"Мазепа",1909,"Российская империя","немой фильм по либретто оперы «Мазепа». Сцен. и реж. Василий Гончаров. Актёры: Василий Степанов (Кочубей), Андрей Громов (Мазепа), Раиса Рейзен (Мария), Антонина Пожарская (её мать)","https://www.youtube.com/watch?v=t8wzYnU8WzU","https://www.kinopoisk.ru/film/41605/","https://ru.wikipedia.org/wiki/%D0%9C%D0%B0%D0%B7%D0%B5%D0%BF%D0%B0_(%D1%84%D0%B8%D0%BB%D1%8C%D0%BC,_1909)","http://i.mycdn.me/i?r=AEHujHvw2RjEbemUCNEorZbxYpb_p_9AcN2FmGik64Krkce3GOYpRhOwf8quvAwAiMR7Zi9s0CiBOSDmbngC-I-k&fn=external_8"
"Русалка",1910,"Российская империя","короткометражный немой художественный фильм Василия Гончарова, «народная драма в 6 сценах с апофеозом» по мотивам одноимённой поэтической пьесы А. С. Пушкина. Сюжет воспроизведен в 7 кадрах-сценах (надписи восстановлены по материалам прессы того времени). Фильм хранится в Госфильмофонде[1].","https://www.youtube.com/watch?v=vvuBE6_Rev0","https://www.kinopoisk.ru/film/40707/","https://ru.wikipedia.org/wiki/%D0%A0%D1%83%D1%81%D0%B0%D0%BB%D0%BA%D0%B0_(%D1%84%D0%B8%D0%BB%D1%8C%D0%BC,_1910)","https://upload.wikimedia.org/wikipedia/commons/a/a1/The_Mermaid_%281910_film%29.jpg"
"Русалка",1917,"СССР","Телепостановка оперы А.С.Даргомыжского по одноименной драме А.С.Пушкина. Звучит запись 1957 года с участием солистов и оркестра Государственного академического Большого театра Союза ССР, дирижер - Евгений #Светланов?.","https://youtu.be/WLBfOU7QP9c","https://www.kinopoisk.ru/film/537170/","https://ru.wikipedia.org/wiki/%D0%A0%D1%83%D1%81%D0%B0%D0%BB%D0%BA%D0%B0_(%D0%BE%D0%BF%D0%B5%D1%80%D0%B0_%D0%94%D0%B0%D1%80%D0%B3%D0%BE%D0%BC%D1%8B%D0%B6%D1%81%D0%BA%D0%BE%D0%B3%D0%BE)","http://telespektakli.ru/published/publicdata/SMAN13NEW/attachments/SC/products_pictures/%D0%A0%D1%83%D1%81%D0%B0%D0%BB%D0%BA%D0%B0%20-%20%D0%94%D0%B0%D1%80%D0%B3%D0%BE%D0%BC%D1%8B%D0%B6%D1%81%D0%BA%D0%B8%D0%B9_enl.jpg"
"Руслан и Людмила ",1938,"СССР","советский художественный фильм Ивана Никитченко и Виктора Невежина, снятый в 1938 году на киностудии «Мосфильм» по мотивам одноимённой поэмы А. С. Пушкина. В картине использована музыка оперы М. И. Глинки того же названия.","https://www.youtube.com/watch?v=GdaP6Z1qol0","https://www.kinopoisk.ru/film/42146/","https://ru.wikipedia.org/wiki/%D0%A0%D1%83%D1%81%D0%BB%D0%B0%D0%BD_%D0%B8_%D0%9B%D1%8E%D0%B4%D0%BC%D0%B8%D0%BB%D0%B0_(%D1%84%D0%B8%D0%BB%D1%8C%D0%BC,_1938)","https://upload.wikimedia.org/wikipedia/ru/9/9c/%D0%A0%D1%83%D1%81%D0%BB%D0%B0%D0%BD_%D0%B8_%D0%9B%D1%8E%D0%B4%D0%BC%D0%B8%D0%BB%D0%B0_%28%D1%84%D0%B8%D0%BB%D1%8C%D0%BC%2C_1938%29.jpg"
"Руслан и Людмила ",1972,"СССР","советский двухсерийный фильм Александра Птушко, снятый в 1972 году на киностудии «Мосфильм» по мотивам одноимённой поэмы А. С. Пушкина. Это последний фильм Александра Птушко — по мнению кинокритиков, вершина творчества режиссёра","https://www.youtube.com/watch?v=PHiLzQlD08o","https://www.kinopoisk.ru/film/42147/","https://ru.wikipedia.org/wiki/%D0%A0%D1%83%D1%81%D0%BB%D0%B0%D0%BD_%D0%B8_%D0%9B%D1%8E%D0%B4%D0%BC%D0%B8%D0%BB%D0%B0_(%D1%84%D0%B8%D0%BB%D1%8C%D0%BC,_1972)","http://avatars.mds.yandex.net/get-kinopoisk-image/1704946/cf5895c4-7324-44b9-9278-cacb3ab306ca/600x900"
"Сказка о золотом петушке",1956,"СССР","советский рисованный мультфильм, снятый на киностудии «Союзмультфильм» по мотивам одноимённой сказки Александра Пушкина. Премьера состоялась в 1967 году в СССР.","https://www.youtube.com/watch?v=K0453awEYLU","https://www.kinopoisk.ru/film/43815/","https://ru.wikipedia.org/wiki/%D0%A1%D0%BA%D0%B0%D0%B7%D0%BA%D0%B0_%D0%BE_%D0%B7%D0%BE%D0%BB%D0%BE%D1%82%D0%BE%D0%BC_%D0%BF%D0%B5%D1%82%D1%83%D1%88%D0%BA%D0%B5_(%D0%BC%D1%83%D0%BB%D1%8C%D1%82%D1%84%D0%B8%D0%BB%D1%8C%D0%BC)","https://upload.wikimedia.org/wikipedia/ru/thumb/c/c3/%D0%A1%D0%BA%D0%B0%D0%B7%D0%BA%D0%B0_%D0%BE_%D0%B7%D0%BE%D0%BB%D0%BE%D1%82%D0%BE%D0%BC_%D0%BF%D0%B5%D1%82%D1%83%D1%88%D0%BA%D0%B5_%28%D0%BA%D0%B0%D0%B4%D1%80%29.png/260px-%D0%A1%D0%BA%D0%B0%D0%B7%D0%BA%D0%B0_%D0%BE_%D0%B7%D0%BE%D0%BB%D0%BE%D1%82%D0%BE%D0%BC_%D0%BF%D0%B5%D1%82%D1%83%D1%88%D0%BA%D0%B5_%28%D0%BA%D0%B0%D0%B4%D1%80%29.png"
"Сказка о мёртвой царевне и о семи богатырях",1951,"СССР","советский рисованный мультипликационный фильм, выпущенный студией «Союзмультфильм» в 1951 году, и экранизация одноимённой сказки (1833) Александра Пушкина.","https://www.youtube.com/watch?v=q0AKOCB5HFI","https://www.kinopoisk.ru/film/260006/","https://ru.wikipedia.org/wiki/%D0%A1%D0%BA%D0%B0%D0%B7%D0%BA%D0%B0_%D0%BE_%D0%BC%D1%91%D1%80%D1%82%D0%B2%D0%BE%D0%B9_%D1%86%D0%B0%D1%80%D0%B5%D0%B2%D0%BD%D0%B5_%D0%B8_%D0%BE_%D1%81%D0%B5%D0%BC%D0%B8_%D0%B1%D0%BE%D0%B3%D0%B0%D1%82%D1%8B%D1%80%D1%8F%D1%85_(%D0%BC%D1%83%D0%BB%D1%8C%D1%82%D1%84%D0%B8%D0%BB%D1%8C%D0%BC)","https://thumbs.dfs.ivi.ru/storage6/contents/6/e/376fd549c5b91410fab5b179aaec16.jpg/234x360/"
"Осенние колокола",1978,"СССР","советский фильм-сказка 1978 года режиссера Владимира Гориккера. Фильм снят по мотивам сказки Александра Сергеевича Пушкина «Сказка о мёртвой царевне и о семи богатырях».","https://www.youtube.com/watch?v=RjQxFGS6ziA","https://www.kinopoisk.ru/film/42801/","https://ru.wikipedia.org/wiki/%D0%9E%D1%81%D0%B5%D0%BD%D0%BD%D0%B8%D0%B5_%D0%BA%D0%BE%D0%BB%D0%BE%D0%BA%D0%BE%D0%BB%D0%B0","https://avatars.mds.yandex.net/get-kinopoisk-image/1704946/e743d3b5-b76e-4302-ab97-bc0cc9b267f2/300x450"
"Сказка о попе и его работнике Балде",1940,"СССР","рисованный мультфильм, реж. Пантелеймон Сазонов","https://www.youtube.com/watch?v=TosyeAcrXLo","https://www.kinopoisk.ru/film/468262/","https://ru.wikipedia.org/wiki/%D0%A1%D0%BA%D0%B0%D0%B7%D0%BA%D0%B0_%D0%BE_%D0%BF%D0%BE%D0%BF%D0%B5_%D0%B8_%D0%B5%D0%B3%D0%BE_%D1%80%D0%B0%D0%B1%D0%BE%D1%82%D0%BD%D0%B8%D0%BA%D0%B5_%D0%91%D0%B0%D0%BB%D0%B4%D0%B5_(%D0%BC%D1%83%D0%BB%D1%8C%D1%82%D1%84%D0%B8%D0%BB%D1%8C%D0%BC,_1940)","https://www.kino-teatr.ru/movie/posters/big/8/88578.jpg"
"Сказка о попе и о работнике его Балде",1956,"СССР","кукольный мультфильм, реж. Анатолий Каранович","https://www.youtube.com/watch?v=UlPc6gxtLpk","https://www.kinopoisk.ru/film/468263/","https://ru.wikipedia.org/w/index.php?title=%D0%A1%D0%BA%D0%B0%D0%B7%D0%BA%D0%B0_%D0%BE_%D0%BF%D0%BE%D0%BF%D0%B5_%D0%B8_%D0%BE_%D1%80%D0%B0%D0%B1%D0%BE%D1%82%D0%BD%D0%B8%D0%BA%D0%B5_%D0%B5%D0%B3%D0%BE_%D0%91%D0%B0%D0%BB%D0%B4%D0%B5_(%D0%BC%D1%83%D0%BB%D1%8C%D1%82%D1%84%D0%B8%D0%BB%D1%8C%D0%BC,_1956)&action=edit&redlink=1","https://i.ytimg.com/vi/42j4-zPl__Y/maxresdefault.jpg"
"Сказка о попе и о работнике его Балде",1973,"СССР","рисованный мультфильм, реж. Инесса Ковалевская","https://www.youtube.com/watch?v=nGYt_IiOUYs","https://www.kinopoisk.ru/film/440086/","https://ru.wikipedia.org/wiki/%D0%A1%D0%BA%D0%B0%D0%B7%D0%BA%D0%B0_%D0%BE_%D0%BF%D0%BE%D0%BF%D0%B5_%D0%B8_%D0%BE_%D1%80%D0%B0%D0%B1%D0%BE%D1%82%D0%BD%D0%B8%D0%BA%D0%B5_%D0%B5%D0%B3%D0%BE_%D0%91%D0%B0%D0%BB%D0%B4%D0%B5_(%D0%BC%D1%83%D0%BB%D1%8C%D1%82%D1%84%D0%B8%D0%BB%D1%8C%D0%BC,_1973)","https://upload.wikimedia.org/wikipedia/ru/8/8b/%D0%A1%D0%BA%D0%B0%D0%B7%D0%BA%D0%B0_%D0%BE_%D0%BF%D0%BE%D0%BF%D0%B5_%D0%B8_%D0%BE_%D1%80%D0%B0%D0%B1%D0%BE%D1%82%D0%BD%D0%B8%D0%BA%D0%B5_%D0%B5%D0%B3%D0%BE_%D0%91%D0%B0%D0%BB%D0%B4%D0%B5_%28%D0%BC%D1%83%D0%BB%D1%8C%D1%82%D1%84%D0%B8%D0%BB%D1%8C%D0%BC%2C_1973%29.JPG"
"Сказка о рыбаке и рыбке",1937,"СССР","мультфильм. Реж. Александр Птушко ","https://www.youtube.com/watch?v=uwh4OiAx56c","https://www.kinopoisk.ru/film/95342/","https://ru.wikipedia.org/wiki/%D0%A1%D0%BA%D0%B0%D0%B7%D0%BA%D0%B0_%D0%BE_%D1%80%D1%8B%D0%B1%D0%B0%D0%BA%D0%B5_%D0%B8_%D1%80%D1%8B%D0%B1%D0%BA%D0%B5_(%D0%BC%D1%83%D0%BB%D1%8C%D1%82%D1%84%D0%B8%D0%BB%D1%8C%D0%BC,_1937)","https://i.ytimg.com/vi/VwbH0ub6y5k/hqdefault.jpg"
"Сказка о рыбаке и рыбке",1950,"СССР","советский цветной рисованный мультипликационный фильм, который создал режиссёр Михаил Цехановский на студии «Союзмультфильм» в 1950 году. Экранизация одноимённой сказки А. С. Пушкина.","https://www.youtube.com/watch?v=8BRFqZcnQ2U","https://www.kinopoisk.ru/film/438329/","https://ru.wikipedia.org/wiki/%D0%A1%D0%BA%D0%B0%D0%B7%D0%BA%D0%B0_%D0%BE_%D1%80%D1%8B%D0%B1%D0%B0%D0%BA%D0%B5_%D0%B8_%D1%80%D1%8B%D0%B1%D0%BA%D0%B5_(%D0%BC%D1%83%D0%BB%D1%8C%D1%82%D1%84%D0%B8%D0%BB%D1%8C%D0%BC)","https://i.ytimg.com/vi/8BRFqZcnQ2U/hqdefault.jpg"
"Сказка о царе Салтане",1943,"СССР","советский рисованный мультипликационный фильм, созданный во время Великой Отечественной войны по одноимённой сказке А. С. Пушкина. При создании фильма использовалась техника «эклер» — съёмка игры актёров, с последующей обрисовкой и раскрашиванием. ","https://www.youtube.com/watch?v=zVqRnlPIMYQ","https://www.kinopoisk.ru/film/818479/","https://ru.wikipedia.org/wiki/%D0%A1%D0%BA%D0%B0%D0%B7%D0%BA%D0%B0_%D0%BE_%D1%86%D0%B0%D1%80%D0%B5_%D0%A1%D0%B0%D0%BB%D1%82%D0%B0%D0%BD%D0%B5_(%D0%BC%D1%83%D0%BB%D1%8C%D1%82%D1%84%D0%B8%D0%BB%D1%8C%D0%BC,_1943)","https://www.kino-teatr.ru/movie/posters/big/3/84083.jpg"
"Сказка о царе Салтане",1966,"СССР","реж. Александр Птушко","https://www.youtube.com/watch?v=f0Sfwa9VqT8","https://www.kinopoisk.ru/film/43813/","https://ru.wikipedia.org/wiki/%D0%A1%D0%BA%D0%B0%D0%B7%D0%BA%D0%B0_%D0%BE_%D1%86%D0%B0%D1%80%D0%B5_%D0%A1%D0%B0%D0%BB%D1%82%D0%B0%D0%BD%D0%B5_(%D1%84%D0%B8%D0%BB%D1%8C%D0%BC)","https://avatars.mds.yandex.net/get-kinopoisk-image/1773646/7377cd82-c7a5-4b32-9eb3-0ee81b5b9f74/300x450"
"Сказка о царе Салтане",1984,"СССР","мультфильм. Реж. Иван Иванов-Вано, Лев Мильчин","https://www.youtube.com/watch?v=c-YTLaWTNiE","https://www.kinopoisk.ru/film/43814/","https://ru.wikipedia.org/wiki/%D0%A1%D0%BA%D0%B0%D0%B7%D0%BA%D0%B0_%D0%BE_%D1%86%D0%B0%D1%80%D0%B5_%D0%A1%D0%B0%D0%BB%D1%82%D0%B0%D0%BD%D0%B5_(%D0%BC%D1%83%D0%BB%D1%8C%D1%82%D1%84%D0%B8%D0%BB%D1%8C%D0%BC,_1984)","https://upload.wikimedia.org/wikipedia/ru/1/1a/%D0%A1%D0%BA%D0%B0%D0%B7%D0%BA%D0%B0_%D0%BE_%D1%86%D0%B0%D1%80%D0%B5_%D0%A1%D0%B0%D0%BB%D1%82%D0%B0%D0%BD%D0%B5_%28%D0%BA%D0%B0%D0%B4%D1%80%29.jpg"
"Мне скучно, бес",1993,"Россия","Использованы фрагменты текста Пушкина о Фаусте и Мефистофеле","https://ok.ru/video/25371544207","https://www.kinopoisk.ru/film/279030/","https://ru.wikipedia.org/wiki/%D0%9C%D0%BD%D0%B5_%D1%81%D0%BA%D1%83%D1%87%D0%BD%D0%BE,_%D0%B1%D0%B5%D1%81","https://upload.wikimedia.org/wikipedia/commons/b/b7/Mne_skuchno%2C_bes.jpg"
